"value","n_dilemmas","n_observations","lr_statistic","df","p_value","p_adjusted","significant","convergence_ok","singular_fit"
"accountability",93,372,15.6287003811835,3,0.00135108432797648,0.0256706022315531,TRUE,TRUE,FALSE
"tolerance",52,208,7.84390025439771,3,0.0493504206520069,0.42268633816748,FALSE,TRUE,FALSE
"loyalty",71,284,7.13445117600676,3,0.067733610592597,0.42268633816748,FALSE,TRUE,FALSE
"courage",85,340,6.26942019828766,3,0.0992132873189409,0.42268633816748,FALSE,TRUE,FALSE
"responsibility",120,480,6.00776097115801,3,0.111233246886179,0.42268633816748,FALSE,TRUE,FALSE
"understanding",136,544,5.5112456806163,3,0.137967546221772,0.436897229702278,FALSE,TRUE,FALSE
"honesty",214,856,4.07736159303477,3,0.25323073688395,0.68734057154215,FALSE,TRUE,FALSE
"support",53,212,3.59446171385912,3,0.308715822382729,0.689801653314111,FALSE,TRUE,FALSE
"patience",107,428,3.28192720243419,3,0.350165973078715,0.689801653314111,FALSE,TRUE,FALSE
"justice",51,204,3.17115735102234,3,0.365981415001283,0.689801653314111,FALSE,TRUE,FALSE
"resilience",55,220,2.95025363841026,3,0.399358851918696,0.689801653314111,FALSE,TRUE,FALSE
"fairness",102,408,2.04012529450011,3,0.564120455564577,0.867113689040173,FALSE,TRUE,FALSE
"respect",117,468,1.5448649845178,3,0.671954889106068,0.867113689040173,FALSE,TRUE,FALSE
"compassion",52,208,1.46853919366993,3,0.689550268235449,0.867113689040173,FALSE,TRUE,FALSE
"trust",164,656,1.33471594681123,3,0.720906400794728,0.867113689040173,FALSE,TRUE,FALSE
"self",212,848,1.13368158615106,3,0.768950060223004,0.867113689040173,FALSE,TRUE,FALSE
"professionalism",75,300,1.10511866311754,3,0.77583856387805,0.867113689040173,FALSE,TRUE,FALSE
"empathy",121,484,0.141303071045115,3,0.986457135155174,1,FALSE,TRUE,FALSE
"integrity",96,384,0,3,1,1,FALSE,TRUE,FALSE
